TimeStamp,station1_velocity_lag3,station1_velocity_lag5,station1_water_level_lag3,station1_water_level_lag5,station1_pressure_lag3,station1_pressure_lag5,station1_rainfall_lag3,station1_rainfall_lag5,station2_velocity_lag2,station2_velocity_lag3,station2_water_level_lag2,station2_water_level_lag3,station2_pressure_lag2,station2_pressure_lag3,station2_rainfall_lag2,station2_rainfall_lag3,station3_velocity_lag0,station3_velocity_lag1,station3_water_level_lag0,station3_water_level_lag1,station3_pressure_lag0,station3_pressure_lag1,station3_rainfall_lag0,station3_rainfall_lag1,target_water_level_t_plus_5,target_water_level_t_plus_10,target_water_level_t_plus_15,target_water_level_t_plus_20,target_water_level_t_plus_25,target_water_level_t_plus_30,target_water_level_t_plus_35,target_water_level_t_plus_40,target_water_level_t_plus_45,target_water_level_t_plus_50,target_water_level_t_plus_55,target_water_level_t_plus_60,target_water_level_t_plus_65,target_water_level_t_plus_70,target_water_level_t_plus_75
2026-01-01 05:00:00,1.1874,1.0593,2.3653,2.0248,1013.1193,1015.7987,4.5363,0.0666,1.4589,1.2836,2.8994,2.715,1012.4578,1015.9854,1.4967,1.4013,1.5539,1.4867,3.1183,3.0198,1014.1836,1014.3457,0.0172,2.7395,2.8814,2.1007,2.2837,3.208,3.5639,3.1315,2.4065,2.3599,2.9661,3.1889,2.5424,1.8978,2.1464,2.784,3.091
2026-01-01 06:00:00,1.2634,1.0645,2.5731,2.1807,1011.7061,1014.8493,1.3805,1.5042,1.4659,1.4589,2.9333,2.8994,1012.9573,1012.4578,1.3436,1.4967,1.6786,1.5539,3.0927,3.1183,1012.2919,1014.1836,1.8246,0.0172,2.6874,2.0891,2.4722,3.3088,3.4446,3.0594,2.3453,2.5016,3.1358,3.12,2.3841,1.9023,2.1695,2.9011,2.9405
2026-01-01 07:00:00,1.3104,1.1874,2.6642,2.3653,1014.3964,1013.1193,2.5655,4.5363,1.5058,1.4659,2.9537,2.9333,1011.5056,1012.9573,1.8192,1.3436,1.461,1.6786,3.0724,3.0927,1011.8528,1012.2919,5.2727,1.8246,2.4622,2.0411,2.5892,3.4715,3.3741,2.8366,2.2217,2.598,3.1793,2.969,2.1995,1.9547,2.2423,2.9694,2.7284
2026-01-01 08:00:00,1.3444,1.2634,2.7198,2.5731,1013.787,1011.7061,3.2339,1.3805,1.5096,1.5058,3.0073,2.9537,1008.1515,1011.5056,0.4066,1.8192,1.5255,1.461,3.0256,3.0724,1013.2037,1011.8528,0.8635,5.2727,2.3775,2.0855,2.7874,3.6236,3.3172,2.608,2.2375,2.7261,3.2615,2.813,2.0807,1.982,2.4592,3.1365,2.5864
2026-01-01 09:00:00,1.4244,1.3104,2.8265,2.6642,1014.7904,1014.3964,0.3883,2.5655,1.4612,1.5096,3.0198,3.0073,1014.7681,1008.1515,1.0773,0.4066,1.5049,1.5255,2.9631,3.0256,1016.098,1013.2037,0.4018,0.8635,2.2559,2.1151,2.9798,3.5993,3.2704,2.4819,2.2318,2.8266,3.2524,2.604,1.9743,2.0423,2.6792,3.1647,2.3859
2026-01-01 10:00:00,1.4019,1.3444,2.8517,2.7198,1014.2703,1013.787,0.3575,3.2339,1.5562,1.4612,2.9928,3.0198,1014.4737,1014.7681,0.1651,1.0773,1.495,1.5049,2.8814,2.9631,1010.5218,1016.098,1.8305,0.4018,2.1007,2.2837,3.208,3.5639,3.1315,2.4065,2.3599,2.9661,3.1889,2.5424,1.8978,2.1464,2.784,3.091,2.152
2026-01-01 11:00:00,1.4505,1.4244,2.7755,2.8265,1015.0991,1014.7904,1.4162,0.3883,1.5406,1.5562,3.0971,2.9928,1012.4373,1014.4737,0.728,0.1651,1.3486,1.495,2.6874,2.8814,1010.0649,1010.5218,2.5485,1.8305,2.0891,2.4722,3.3088,3.4446,3.0594,2.3453,2.5016,3.1358,3.12,2.3841,1.9023,2.1695,2.9011,2.9405,1.9675
2026-01-01 12:00:00,1.3124,1.4019,2.7144,2.8517,1011.9295,1014.2703,0.7941,0.3575,1.5029,1.5406,3.0084,3.0971,1013.134,1012.4373,1.0032,0.728,1.2465,1.3486,2.4622,2.6874,1013.3295,1010.0649,1.1859,2.5485,2.0411,2.5892,3.4715,3.3741,2.8366,2.2217,2.598,3.1793,2.969,2.1995,1.9547,2.2423,2.9694,2.7284,1.7817
2026-01-01 13:00:00,1.2776,1.4505,2.5739,2.7755,1015.6348,1015.0991,2.7476,1.4162,1.417,1.5029,2.9274,3.0084,1014.0319,1013.134,1.5843,1.0032,1.1692,1.2465,2.3775,2.4622,1013.1018,1013.3295,5.1185,1.1859,2.0855,2.7874,3.6236,3.3172,2.608,2.2375,2.7261,3.2615,2.813,2.0807,1.982,2.4592,3.1365,2.5864,1.7633
2026-01-01 14:00:00,1.1844,1.3124,2.4128,2.7144,1013.3952,1011.9295,3.4542,0.7941,1.3911,1.417,2.8266,2.9274,1009.8749,1014.0319,4.5096,1.5843,1.1414,1.1692,2.2559,2.3775,1013.3467,1013.1018,0.0796,5.1185,2.1151,2.9798,3.5993,3.2704,2.4819,2.2318,2.8266,3.2524,2.604,1.9743,2.0423,2.6792,3.1647,2.3859,1.74
2026-01-01 15:00:00,1.2106,1.2776,2.2764,2.5739,1017.1505,1015.6348,0.6541,2.7476,1.3111,1.3911,2.7106,2.8266,1011.9419,1009.8749,1.3769,4.5096,1.0332,1.1414,2.1007,2.2559,1013.4879,1013.3467,1.0542,0.0796,2.2837,3.208,3.5639,3.1315,2.4065,2.3599,2.9661,3.1889,2.5424,1.8978,2.1464,2.784,3.091,2.152,1.7119
2026-01-01 16:00:00,1.0259,1.1844,2.0322,2.4128,1011.6216,1013.3952,0.4055,3.4542,1.2697,1.3111,2.5567,2.7106,1014.5885,1011.9419,2.0415,1.3769,1.0756,1.0332,2.0891,2.1007,1012.5536,1013.4879,1.9012,1.0542,2.4722,3.3088,3.4446,3.0594,2.3453,2.5016,3.1358,3.12,2.3841,1.9023,2.1695,2.9011,2.9405,1.9675,1.7991
2026-01-01 17:00:00,0.9555,1.2106,1.8078,2.2764,1016.4719,1017.1505,2.2748,0.6541,1.324,1.2697,2.4767,2.5567,1010.4914,1014.5885,1.0586,2.0415,1.0021,1.0756,2.0411,2.0891,1015.9797,1012.5536,2.9777,1.9012,2.5892,3.4715,3.3741,2.8366,2.2217,2.598,3.1793,2.969,2.1995,1.9547,2.2423,2.9694,2.7284,1.7817,1.8557
2026-01-01 18:00:00,0.7566,1.0259,1.6618,2.0322,1013.3958,1011.6216,0.482,0.4055,1.1059,1.324,2.349,2.4767,1013.5871,1010.4914,1.5081,1.0586,1.0616,1.0021,2.0855,2.0411,1009.7982,1015.9797,0.2963,2.9777,2.7874,3.6236,3.3172,2.608,2.2375,2.7261,3.2615,2.813,2.0807,1.982,2.4592,3.1365,2.5864,1.7633,1.9009
2026-01-01 19:00:00,0.7744,0.9555,1.5221,1.8078,1011.6972,1016.4719,2.5941,2.2748,1.061,1.1059,2.2833,2.349,1010.2868,1013.5871,0.1104,1.5081,1.0561,1.0616,2.1151,2.0855,1011.343,1009.7982,2.4142,0.2963,2.9798,3.5993,3.2704,2.4819,2.2318,2.8266,3.2524,2.604,1.9743,2.0423,2.6792,3.1647,2.3859,1.74,2.0943
2026-01-01 20:00:00,0.7864,0.7566,1.4839,1.6618,1012.0322,1013.3958,0.8268,0.482,1.1958,1.061,2.2446,2.2833,1013.9329,1010.2868,0.4403,0.1104,1.1981,1.0561,2.2837,2.1151,1012.7935,1011.343,1.2068,2.4142,3.208,3.5639,3.1315,2.4065,2.3599,2.9661,3.1889,2.5424,1.8978,2.1464,2.784,3.091,2.152,1.7119,2.259
2026-01-01 21:00:00,0.7161,0.7744,1.424,1.5221,1012.3593,1011.6972,1.6519,2.5941,1.127,1.1958,2.2748,2.2446,1012.9287,1013.9329,0.6738,0.4403,1.2335,1.1981,2.4722,2.2837,1009.7136,1012.7935,0.7576,1.2068,3.3088,3.4446,3.0594,2.3453,2.5016,3.1358,3.12,2.3841,1.9023,2.1695,2.9011,2.9405,1.9675,1.7991,2.3556
2026-01-01 22:00:00,0.7431,0.7864,1.3796,1.4839,1013.8483,1012.0322,0.1506,0.8268,1.1946,1.127,2.4561,2.2748,1009.7697,1012.9287,0.9594,0.6738,1.2059,1.2335,2.5892,2.4722,1012.6483,1009.7136,0.2119,0.7576,3.4715,3.3741,2.8366,2.2217,2.598,3.1793,2.969,2.1995,1.9547,2.2423,2.9694,2.7284,1.7817,1.8557,2.4947
2026-01-01 23:00:00,0.7333,0.7161,1.5184,1.424,1014.0457,1012.3593,1.4667,1.6519,1.2837,1.1946,2.4635,2.4561,1015.3295,1009.7697,0.0701,0.9594,1.4568,1.2059,2.7874,2.5892,1016.3229,1012.6483,3.007,0.2119,3.6236,3.3172,2.608,2.2375,2.7261,3.2615,2.813,2.0807,1.982,2.4592,3.1365,2.5864,1.7633,1.9009,2.5891
2026-01-02 00:00:00,0.8744,0.7431,1.6079,1.3796,1011.8526,1013.8483,0.9016,0.1506,1.2833,1.2837,2.6272,2.4635,1011.5308,1015.3295,0.2263,0.0701,1.4446,1.4568,2.9798,2.7874,1013.0418,1016.3229,0.2567,3.007,3.5993,3.2704,2.4819,2.2318,2.8266,3.2524,2.604,1.9743,2.0423,2.6792,3.1647,2.3859,1.74,2.0943,2.6378
2026-01-02 01:00:00,0.9853,0.7333,1.7407,1.5184,1012.9513,1014.0457,1.325,1.4667,1.4394,1.2833,2.6963,2.6272,1011.3795,1011.5308,0.4861,0.2263,1.5713,1.4446,3.208,2.9798,1013.4614,1013.0418,0.5561,0.2567,3.5639,3.1315,2.4065,2.3599,2.9661,3.1889,2.5424,1.8978,2.1464,2.784,3.091,2.152,1.7119,2.259,2.7732
2026-01-02 02:00:00,0.8914,0.8744,1.8191,1.6079,1017.2845,1011.8526,0.2759,0.9016,1.4503,1.4394,2.8328,2.6963,1013.4011,1011.3795,5.3385,0.4861,1.6246,1.5713,3.3088,3.208,1010.4797,1013.4614,0.5138,0.5561,3.4446,3.0594,2.3453,2.5016,3.1358,3.12,2.3841,1.9023,2.1695,2.9011,2.9405,1.9675,1.7991,2.3556,2.9225
2026-01-02 03:00:00,0.9537,0.9853,1.952,1.7407,1016.4551,1012.9513,2.0027,1.325,1.4991,1.4503,3.0471,2.8328,1015.2973,1013.4011,0.6037,5.3385,1.8045,1.6246,3.4715,3.3088,1011.7673,1010.4797,3.0767,0.5138,3.3741,2.8366,2.2217,2.598,3.1793,2.969,2.1995,1.9547,2.2423,2.9694,2.7284,1.7817,1.8557,2.4947,2.8671
2026-01-02 04:00:00,1.1314,0.8914,2.1174,1.8191,1013.8726,1017.2845,2.9794,0.2759,1.7075,1.4991,3.1993,3.0471,1010.9684,1015.2973,0.9868,0.6037,1.705,1.8045,3.6236,3.4715,1012.2496,1011.7673,1.6753,3.0767,3.3172,2.608,2.2375,2.7261,3.2615,2.813,2.0807,1.982,2.4592,3.1365,2.5864,1.7633,1.9009,2.5891,2.8691
2026-01-02 05:00:00,1.1834,0.9537,2.2089,1.952,1013.076,1016.4551,0.3664,2.0027,1.6066,1.7075,3.2738,3.1993,1013.1234,1010.9684,0.3274,0.9868,1.9565,1.705,3.5993,3.6236,1012.3646,1012.2496,2.3895,1.6753,3.2704,2.4819,2.2318,2.8266,3.2524,2.604,1.9743,2.0423,2.6792,3.1647,2.3859,1.74,2.0943,2.6378,2.771
2026-01-02 06:00:00,1.1519,1.1314,2.356,2.1174,1013.2401,1013.8726,0.1509,2.9794,1.7057,1.6066,3.3372,3.2738,1013.8576,1013.1234,1.4154,0.3274,1.8348,1.9565,3.5639,3.5993,1015.5633,1012.3646,0.4325,2.3895,3.1315,2.4065,2.3599,2.9661,3.1889,2.5424,1.8978,2.1464,2.784,3.091,2.152,1.7119,2.259,2.7732,2.6459
2026-01-02 07:00:00,1.1916,1.1834,2.4252,2.2089,1014.227,1013.076,0.0359,0.3664,1.7323,1.7057,3.4348,3.3372,1014.3862,1013.8576,0.4942,1.4154,1.7335,1.8348,3.4446,3.5639,1014.1154,1015.5633,1.4707,0.4325,3.0594,2.3453,2.5016,3.1358,3.12,2.3841,1.9023,2.1695,2.9011,2.9405,1.9675,1.7991,2.3556,2.9225,2.4869
2026-01-02 08:00:00,1.223,1.1519,2.4742,2.356,1010.9544,1013.2401,1.5407,0.1509,1.7761,1.7323,3.4221,3.4348,1013.3529,1014.3862,0.3479,0.4942,1.6843,1.7335,3.3741,3.4446,1010.7771,1014.1154,1.2721,1.4707,2.8366,2.2217,2.598,3.1793,2.969,2.1995,1.9547,2.2423,2.9694,2.7284,1.7817,1.8557,2.4947,2.8671,2.294
2026-01-02 09:00:00,1.1667,1.1916,2.4679,2.4252,1012.4852,1014.227,1.4013,0.0359,1.7859,1.7761,3.4156,3.4221,1012.2659,1013.3529,1.0903,0.3479,1.6729,1.6843,3.3172,3.3741,1013.493,1010.7771,2.6831,1.2721,2.608,2.2375,2.7261,3.2615,2.813,2.0807,1.982,2.4592,3.1365,2.5864,1.7633,1.9009,2.5891,2.8691,2.1363
2026-01-02 10:00:00,1.2257,1.223,2.5432,2.4742,1009.6628,1010.9544,1.1868,1.5407,1.682,1.7859,3.3608,3.4156,1011.3448,1012.2659,0.0083,1.0903,1.6612,1.6729,3.2704,3.3172,1013.9964,1013.493,3.5481,2.6831,2.4819,2.2318,2.8266,3.2524,2.604,1.9743,2.0423,2.6792,3.1647,2.3859,1.74,2.0943,2.6378,2.771,1.9349
2026-01-02 11:00:00,1.1925,1.1667,2.4854,2.4679,1013.7984,1012.4852,0.3958,1.4013,1.58,1.682,3.2354,3.3608,1013.1723,1011.3448,0.0115,0.0083,1.598,1.6612,3.1315,3.2704,1015.2803,1013.9964,0.0183,3.5481,2.4065,2.3599,2.9661,3.1889,2.5424,1.8978,2.1464,2.784,3.091,2.152,1.7119,2.259,2.7732,2.6459,1.7994
2026-01-02 12:00:00,1.1315,1.2257,2.3398,2.5432,1014.2944,1009.6628,0.7437,1.1868,1.6333,1.58,3.2207,3.2354,1010.8557,1013.1723,0.3709,0.0115,1.5575,1.598,3.0594,3.1315,1016.1611,1015.2803,1.6814,0.0183,2.3453,2.5016,3.1358,3.12,2.3841,1.9023,2.1695,2.9011,2.9405,1.9675,1.7991,2.3556,2.9225,2.4869,1.6686
2026-01-02 13:00:00,1.1278,1.1925,2.259,2.4854,1012.0336,1013.7984,1.3539,0.3958,1.521,1.6333,3.1098,3.2207,1007.1573,1010.8557,0.0561,0.3709,1.4228,1.5575,2.8366,3.0594,1010.9698,1016.1611,0.0798,1.6814,2.2217,2.598,3.1793,2.969,2.1995,1.9547,2.2423,2.9694,2.7284,1.7817,1.8557,2.4947,2.8671,2.294,1.5574
2026-01-02 14:00:00,1.0394,1.1315,2.0553,2.3398,1016.148,1014.2944,1.0301,0.7437,1.5282,1.521,2.855,3.1098,1013.8731,1007.1573,0.1715,0.0561,1.2941,1.4228,2.608,2.8366,1011.3783,1010.9698,1.194,0.0798,2.2375,2.7261,3.2615,2.813,2.0807,1.982,2.4592,3.1365,2.5864,1.7633,1.9009,2.5891,2.8691,2.1363,1.4485
2026-01-02 15:00:00,1.0337,1.1278,1.9123,2.259,1010.5485,1012.0336,6.6077,1.3539,1.3621,1.5282,2.7106,2.855,1014.8079,1013.8731,0.6207,0.1715,1.2334,1.2941,2.4819,2.608,1010.4848,1011.3783,0.5087,1.194,2.2318,2.8266,3.2524,2.604,1.9743,2.0423,2.6792,3.1647,2.3859,1.74,2.0943,2.6378,2.771,1.9349,1.3958
2026-01-02 16:00:00,0.7803,1.0394,1.6605,2.0553,1010.0713,1016.148,0.22,1.0301,1.2487,1.3621,2.534,2.7106,1008.2741,1014.8079,2.4337,0.6207,1.1935,1.2334,2.4065,2.4819,1012.532,1010.4848,0.5496,0.5087,2.3599,2.9661,3.1889,2.5424,1.8978,2.1464,2.784,3.091,2.152,1.7119,2.259,2.7732,2.6459,1.7994,1.4509
2026-01-02 17:00:00,0.7745,1.0337,1.4506,1.9123,1013.4489,1010.5485,1.7819,6.6077,1.2359,1.2487,2.4534,2.534,1010.9805,1008.2741,1.2731,2.4337,1.2294,1.1935,2.3453,2.4065,1013.9327,1012.532,0.653,0.5496,2.5016,3.1358,3.12,2.3841,1.9023,2.1695,2.9011,2.9405,1.9675,1.7991,2.3556,2.9225,2.4869,1.6686,1.533
2026-01-02 18:00:00,0.6579,0.7803,1.3372,1.6605,1015.0942,1010.0713,0.7771,0.22,1.0922,1.2359,2.3191,2.4534,1014.2383,1010.9805,1.0782,1.2731,1.1405,1.2294,2.2217,2.3453,1014.9747,1013.9327,1.4565,0.653,2.598,3.1793,2.969,2.1995,1.9547,2.2423,2.9694,2.7284,1.7817,1.8557,2.4947,2.8671,2.294,1.5574,1.5769
2026-01-02 19:00:00,0.6373,0.7745,1.2795,1.4506,1016.3679,1013.4489,0.8384,1.7819,1.0783,1.0922,2.2538,2.3191,1017.115,1014.2383,0.5211,1.0782,0.9717,1.1405,2.2375,2.2217,1012.8481,1014.9747,0.6098,1.4565,2.7261,3.2615,2.813,2.0807,1.982,2.4592,3.1365,2.5864,1.7633,1.9009,2.5891,2.8691,2.1363,1.4485,1.7038
2026-01-02 20:00:00,0.648,0.6579,1.2285,1.3372,1012.0822,1015.0942,1.8966,0.7771,1.1894,1.0783,2.2588,2.2538,1013.0416,1017.115,4.0269,0.5211,1.1487,0.9717,2.2318,2.2375,1012.3603,1012.8481,1.9791,0.6098,2.8266,3.2524,2.604,1.9743,2.0423,2.6792,3.1647,2.3859,1.74,2.0943,2.6378,2.771,1.9349,1.3958,1.884
2026-01-02 21:00:00,0.5451,0.6373,1.2024,1.2795,1015.1574,1016.3679,1.7686,0.8384,1.1283,1.1894,2.3224,2.2588,1011.544,1013.0416,0.7588,4.0269,1.1897,1.1487,2.3599,2.2318,1013.3035,1012.3603,0.7776,1.9791,2.9661,3.1889,2.5424,1.8978,2.1464,2.784,3.091,2.152,1.7119,2.259,2.7732,2.6459,1.7994,1.4509,1.954
2026-01-02 22:00:00,0.623,0.648,1.2077,1.2285,1012.923,1012.0822,7.1091,1.8966,1.1086,1.1283,2.3219,2.3224,1012.6342,1011.544,0.1367,0.7588,1.2498,1.1897,2.5016,2.3599,1011.3297,1013.3035,0.1062,0.7776,3.1358,3.12,2.3841,1.9023,2.1695,2.9011,2.9405,1.9675,1.7991,2.3556,2.9225,2.4869,1.6686,1.533,2.1349
2026-01-02 23:00:00,0.605,0.5451,1.1933,1.2024,1012.6547,1015.1574,0.2061,1.7686,1.2267,1.1086,2.3998,2.3219,1015.7498,1012.6342,1.4398,0.1367,1.2796,1.2498,2.598,2.5016,1017.1791,1011.3297,2.297,0.1062,3.1793,2.969,2.1995,1.9547,2.2423,2.9694,2.7284,1.7817,1.8557,2.4947,2.8671,2.294,1.5574,1.5769,2.2453
2026-01-03 00:00:00,0.6506,0.623,1.2519,1.2077,1014.7673,1012.923,0.1649,7.1091,1.309,1.2267,2.4993,2.3998,1011.7081,1015.7498,0.1813,1.4398,1.4192,1.2796,2.7261,2.598,1009.7847,1017.1791,0.5048,2.297,3.2615,2.813,2.0807,1.982,2.4592,3.1365,2.5864,1.7633,1.9009,2.5891,2.8691,2.1363,1.4485,1.7038,2.3971
2026-01-03 01:00:00,0.6906,0.605,1.3522,1.1933,1014.3046,1012.6547,1.9329,0.2061,1.341,1.309,2.6101,2.4993,1011.4016,1011.7081,0.6352,0.1813,1.4607,1.4192,2.8266,2.7261,1013.3695,1009.7847,0.8505,0.5048,3.2524,2.604,1.9743,2.0423,2.6792,3.1647,2.3859,1.74,2.0943,2.6378,2.771,1.9349,1.3958,1.884,2.4536
2026-01-03 02:00:00,0.897,0.6506,1.5485,1.2519,1009.8472,1014.7673,1.2955,0.1649,1.4759,1.341,2.8522,2.6101,1012.0345,1011.4016,1.0621,0.6352,1.4444,1.4607,2.9661,2.8266,1017.0472,1013.3695,1.7349,0.8505,3.1889,2.5424,1.8978,2.1464,2.784,3.091,2.152,1.7119,2.259,2.7732,2.6459,1.7994,1.4509,1.954,2.4229
2026-01-03 03:00:00,0.8278,0.6906,1.7195,1.3522,1015.9531,1014.3046,0.4806,1.9329,1.4751,1.4759,3.0259,2.8522,1011.0933,1012.0345,3.1099,1.0621,1.5883,1.4444,3.1358,2.9661,1013.0136,1017.0472,0.6062,1.7349,3.12,2.3841,1.9023,2.1695,2.9011,2.9405,1.9675,1.7991,2.3556,2.9225,2.4869,1.6686,1.533,2.1349,2.3618
2026-01-03 04:00:00,0.8658,0.897,1.7848,1.5485,1015.7602,1009.8472,0.1241,1.2955,1.4817,1.4751,3.1055,3.0259,1013.2453,1011.0933,1.0205,3.1099,1.5411,1.5883,3.1793,3.1358,1012.6199,1013.0136,0.0874,0.6062,2.969,2.1995,1.9547,2.2423,2.9694,2.7284,1.7817,1.8557,2.4947,2.8671,2.294,1.5574,1.5769,2.2453,2.3439
2026-01-03 05:00:00,0.9407,0.8278,1.9436,1.7195,1011.7489,1015.9531,0.1343,0.4806,1.7117,1.4817,3.2733,3.1055,1016.2494,1013.2453,1.8173,1.0205,1.5618,1.5411,3.2615,3.1793,1012.2851,1012.6199,0.7024,0.0874,2.813,2.0807,1.982,2.4592,3.1365,2.5864,1.7633,1.9009,2.5891,2.8691,2.1363,1.4485,1.7038,2.3971,2.2973
2026-01-03 06:00:00,0.9954,0.8658,2.0463,1.7848,1013.7916,1015.7602,3.3692,0.1241,1.72,1.7117,3.4722,3.2733,1013.6462,1016.2494,7.404,1.8173,1.5948,1.5618,3.2524,3.2615,1012.6392,1012.2851,4.3357,0.7024,2.604,1.9743,2.0423,2.6792,3.1647,2.3859,1.74,2.0943,2.6378,2.771,1.9349,1.3958,1.884,2.4536,2.1575
2026-01-03 07:00:00,1.0207,0.9407,2.1052,1.9436,1013.9881,1011.7489,0.3195,0.1343,1.7779,1.72,3.5809,3.4722,1012.4953,1013.6462,0.2115,7.404,1.6376,1.5948,3.1889,3.2524,1015.7457,1012.6392,1.5397,4.3357,2.5424,1.8978,2.1464,2.784,3.091,2.152,1.7119,2.259,2.7732,2.6459,1.7994,1.4509,1.954,2.4229,2.0661
2026-01-03 08:00:00,1.1559,0.9954,2.1929,2.0463,1013.5213,1013.7916,0.5859,3.3692,1.8275,1.7779,3.5222,3.5809,1012.4164,1012.4953,0.4818,0.2115,1.6077,1.6376,3.12,3.1889,1008.5763,1015.7457,1.6697,1.5397,2.3841,1.9023,2.1695,2.9011,2.9405,1.9675,1.7991,2.3556,2.9225,2.4869,1.6686,1.533,2.1349,2.3618,1.8396
2026-01-03 09:00:00,1.2019,1.0207,2.2617,2.1052,1011.8994,1013.9881,0.3855,0.3195,1.7649,1.8275,3.4742,3.5222,1009.8736,1012.4164,0.7527,0.4818,1.5102,1.6077,2.969,3.12,1016.0669,1008.5763,1.5007,1.6697,2.1995,1.9547,2.2423,2.9694,2.7284,1.7817,1.8557,2.4947,2.8671,2.294,1.5574,1.5769,2.2453,2.3439,1.6825
2026-01-03 10:00:00,1.1137,1.1559,2.2845,2.1929,1011.6568,1013.5213,0.6577,0.5859,1.7598,1.7649,3.474,3.4742,1014.7662,1009.8736,0.8218,0.7527,1.4427,1.5102,2.813,2.969,1010.1521,1016.0669,0.3328,1.5007,2.0807,1.982,2.4592,3.1365,2.5864,1.7633,1.9009,2.5891,2.8691,2.1363,1.4485,1.7038,2.3971,2.2973,1.4685
2026-01-03 11:00:00,1.0479,1.2019,2.179,2.2617,1012.9489,1011.8994,0.1079,0.3855,1.7779,1.7598,3.3394,3.474,1012.8443,1014.7662,0.794,0.8218,1.3278,1.4427,2.604,2.813,1012.4667,1010.1521,0.8128,0.3328,1.9743,2.0423,2.6792,3.1647,2.3859,1.74,2.0943,2.6378,2.771,1.9349,1.3958,1.884,2.4536,2.1575,1.2932
2026-01-03 12:00:00,1.0557,1.1137,2.0643,2.2845,1015.3455,1011.6568,1.098,0.6577,1.5844,1.7779,3.2332,3.3394,1012.639,1012.8443,3.5726,0.794,1.2391,1.3278,2.5424,2.604,1012.1415,1012.4667,2.0851,0.8128,1.8978,2.1464,2.784,3.091,2.152,1.7119,2.259,2.7732,2.6459,1.7994,1.4509,1.954,2.4229,2.0661,1.1737
2026-01-03 13:00:00,0.9486,1.0479,1.9525,2.179,1014.0872,1012.9489,0.105,0.1079,1.6079,1.5844,3.1229,3.2332,1019.3862,1012.639,1.8778,3.5726,1.2137,1.2391,2.3841,2.5424,1014.1771,1012.1415,0.1603,2.0851,1.9023,2.1695,2.9011,2.9405,1.9675,1.7991,2.3556,2.9225,2.4869,1.6686,1.533,2.1349,2.3618,1.8396,1.0379
2026-01-03 14:00:00,0.9578,1.0557,1.8522,2.0643,1012.2588,1015.3455,2.4168,1.098,1.4612,1.6079,2.9167,3.1229,1013.5975,1019.3862,1.4044,1.8778,1.1397,1.2137,2.1995,2.3841,1009.8038,1014.1771,0.4883,0.1603,1.9547,2.2423,2.9694,2.7284,1.7817,1.8557,2.4947,2.8671,2.294,1.5574,1.5769,2.2453,2.3439,1.6825,0.9616
2026-01-03 15:00:00,0.8444,0.9486,1.6684,1.9525,1014.5434,1014.0872,0.3993,0.105,1.3903,1.4612,2.7537,2.9167,1011.4964,1013.5975,0.5552,1.4044,1.0781,1.1397,2.0807,2.1995,1013.9243,1009.8038,0.4851,0.4883,1.982,2.4592,3.1365,2.5864,1.7633,1.9009,2.5891,2.8691,2.1363,1.4485,1.7038,2.3971,2.2973,1.4685,0.9946
2026-01-03 16:00:00,0.6738,0.9578,1.4991,1.8522,1007.3029,1012.2588,1.1648,2.4168,1.2974,1.3903,2.4419,2.7537,1012.1473,1011.4964,2.6041,0.5552,1.0466,1.0781,1.9743,2.0807,1017.0486,1013.9243,0.8485,0.4851,2.0423,2.6792,3.1647,2.3859,1.74,2.0943,2.6378,2.771,1.9349,1.3958,1.884,2.4536,2.1575,1.2932,0.9896
2026-01-03 17:00:00,0.7244,0.8444,1.2941,1.6684,1015.2975,1014.5434,3.1814,0.3993,1.156,1.2974,2.2613,2.4419,1015.2969,1012.1473,4.6537,2.6041,0.9843,1.0466,1.8978,1.9743,1010.2737,1017.0486,5.8959,0.8485,2.1464,2.784,3.091,2.152,1.7119,2.259,2.7732,2.6459,1.7994,1.4509,1.954,2.4229,2.0661,1.1737,1.0949
2026-01-03 18:00:00,0.6422,0.6738,1.1048,1.4991,1009.5206,1007.3029,1.5785,1.1648,1.1009,1.156,2.1479,2.2613,1013.2265,1015.2969,2.5822,4.6537,0.9687,0.9843,1.9023,1.8978,1013.3794,1010.2737,0.1048,5.8959,2.1695,2.9011,2.9405,1.9675,1.7991,2.3556,2.9225,2.4869,1.6686,1.533,2.1349,2.3618,1.8396,1.0379,1.1376
2026-01-03 19:00:00,0.4917,0.7244,1.0447,1.2941,1012.2751,1015.2975,1.142,3.1814,1.0636,1.1009,2.02,2.1479,1010.1234,1013.2265,0.0023,2.5822,1.0308,0.9687,1.9547,1.9023,1011.676,1013.3794,1.0969,0.1048,2.2423,2.9694,2.7284,1.7817,1.8557,2.4947,2.8671,2.294,1.5574,1.5769,2.2453,2.3439,1.6825,0.9616,1.2925
2026-01-03 20:00:00,0.5041,0.6422,1.047,1.1048,1010.7607,1009.5206,0.5881,1.5785,1.0195,1.0636,2.0754,2.02,1014.8385,1010.1234,1.5176,0.0023,0.9897,1.0308,1.982,1.9547,1013.8518,1011.676,0.2965,1.0969,2.4592,3.1365,2.5864,1.7633,1.9009,2.5891,2.8691,2.1363,1.4485,1.7038,2.3971,2.2973,1.4685,0.9946,1.5136
2026-01-03 21:00:00,0.5229,0.4917,1.0172,1.0447,1010.4106,1012.2751,0.6075,1.142,0.9672,1.0195,2.0184,2.0754,1011.6637,1014.8385,0.0787,1.5176,0.9771,0.9897,2.0423,1.982,1013.0383,1013.8518,5.2941,0.2965,2.6792,3.1647,2.3859,1.74,2.0943,2.6378,2.771,1.9349,1.3958,1.884,2.4536,2.1575,1.2932,0.9896,1.5499
2026-01-03 22:00:00,0.5577,0.5041,1.0819,1.047,1015.3217,1010.7607,1.6607,0.5881,0.9729,0.9672,2.0502,2.0184,1016.7466,1011.6637,0.4468,0.0787,1.065,0.9771,2.1464,2.0423,1011.717,1013.0383,0.1804,5.2941,2.784,3.091,2.152,1.7119,2.259,2.7732,2.6459,1.7994,1.4509,1.954,2.4229,2.0661,1.1737,1.0949,1.6701
2026-01-03 23:00:00,0.6098,0.5229,1.1538,1.0172,1012.0646,1010.4106,7.7092,0.6075,0.9746,0.9729,2.1459,2.0502,1015.1601,1016.7466,0.0921,0.4468,1.0475,1.065,2.1695,2.1464,1013.9757,1011.717,0.7753,0.1804,2.9011,2.9405,1.9675,1.7991,2.3556,2.9225,2.4869,1.6686,1.533,2.1349,2.3618,1.8396,1.0379,1.1376,1.8486
2026-01-04 00:00:00,0.7058,0.5577,1.2106,1.0819,1013.693,1015.3217,1.6264,1.6607,1.2707,0.9746,2.3358,2.1459,1012.1054,1015.1601,1.3887,0.0921,1.0874,1.0475,2.2423,2.1695,1016.6087,1013.9757,2.0085,0.7753,2.9694,2.7284,1.7817,1.8557,2.4947,2.8671,2.294,1.5574,1.5769,2.2453,2.3439,1.6825,0.9616,1.2925,1.9679
2026-01-04 01:00:00,0.6644,0.6098,1.3466,1.1538,1012.9062,1012.0646,1.2239,7.7092,1.1459,1.2707,2.4022,2.3358,1015.562,1012.1054,1.7404,1.3887,1.2224,1.0874,2.4592,2.2423,1012.6182,1016.6087,1.8289,2.0085,3.1365,2.5864,1.7633,1.9009,2.5891,2.8691,2.1363,1.4485,1.7038,2.3971,2.2973,1.4685,0.9946,1.5136,2.0872
2026-01-04 02:00:00,0.7409,0.7058,1.5616,1.2106,1013.9541,1013.693,1.9676,1.6264,1.2934,1.1459,2.6089,2.4022,1013.1357,1015.562,0.1824,1.7404,1.3,1.2224,2.6792,2.4592,1014.4395,1012.6182,0.8242,1.8289,3.1647,2.3859,1.74,2.0943,2.6378,2.771,1.9349,1.3958,1.884,2.4536,2.1575,1.2932,0.9896,1.5499,2.1226
2026-01-04 03:00:00,0.7853,0.6644,1.7085,1.3466,1013.1536,1012.9062,0.9388,1.2239,1.3651,1.2934,2.7579,2.6089,1014.7055,1013.1357,0.7264,0.1824,1.3766,1.3,2.784,2.6792,1010.4135,1014.4395,0.6382,0.8242,3.091,2.152,1.7119,2.259,2.7732,2.6459,1.7994,1.4509,1.954,2.4229,2.0661,1.1737,1.0949,1.6701,2.1531
2026-01-04 04:00:00,0.931,0.7409,1.9352,1.5616,1010.434,1013.9541,0.093,1.9676,1.4387,1.3651,2.8467,2.7579,1013.9695,1014.7055,0.9139,0.7264,1.3559,1.3766,2.9011,2.784,1011.0871,1010.4135,0.7603,0.6382,2.9405,1.9675,1.7991,2.3556,2.9225,2.4869,1.6686,1.533,2.1349,2.3618,1.8396,1.0379,1.1376,1.8486,2.1308
2026-01-04 05:00:00,0.9693,0.7853,1.942,1.7085,1014.9925,1013.1536,1.2393,0.9388,1.5343,1.4387,2.987,2.8467,1011.3073,1013.9695,0.6908,0.9139,1.4954,1.3559,2.9694,2.9011,1013.9448,1011.0871,0.4604,0.7603,2.7284,1.7817,1.8557,2.4947,2.8671,2.294,1.5574,1.5769,2.2453,2.3439,1.6825,0.9616,1.2925,1.9679,2.1353
2026-01-04 06:00:00,1.1399,0.931,2.1003,1.9352,1012.0125,1010.434,4.7418,0.093,1.5856,1.5343,3.0852,2.987,1011.7129,1011.3073,0.1935,0.6908,1.5683,1.4954,3.1365,2.9694,1015.9682,1013.9448,0.3447,0.4604,2.5864,1.7633,1.9009,2.5891,2.8691,2.1363,1.4485,1.7038,2.3971,2.2973,1.4685,0.9946,1.5136,2.0872,2.059
2026-01-04 07:00:00,1.0706,0.9693,2.1929,1.942,1009.8868,1014.9925,0.2891,1.2393,1.5248,1.5856,3.108,3.0852,1015.0599,1011.7129,0.8144,0.1935,1.5415,1.5683,3.1647,3.1365,1013.7112,1015.9682,0.9897,0.3447,2.3859,1.74,2.0943,2.6378,2.771,1.9349,1.3958,1.884,2.4536,2.1575,1.2932,0.9896,1.5499,2.1226,1.958
2026-01-04 08:00:00,1.1266,1.1399,2.2307,2.1003,1012.1438,1012.0125,1.7568,4.7418,1.554,1.5248,3.1246,3.108,1012.3304,1015.0599,2.0865,0.8144,1.5785,1.5415,3.091,3.1647,1012.3739,1013.7112,0.4691,0.9897,2.152,1.7119,2.259,2.7732,2.6459,1.7994,1.4509,1.954,2.4229,2.0661,1.1737,1.0949,1.6701,2.1531,1.7992
2026-01-04 09:00:00,1.1234,1.0706,2.2485,2.1929,1016.0015,1009.8868,0.3365,0.2891,1.5529,1.554,3.0776,3.1246,1012.1927,1012.3304,0.1105,2.0865,1.5171,1.5785,2.9405,3.091,1012.9986,1012.3739,0.5084,0.4691,1.9675,1.7991,2.3556,2.9225,2.4869,1.6686,1.533,2.1349,2.3618,1.8396,1.0379,1.1376,1.8486,2.1308,1.6262
2026-01-04 10:00:00,1.1201,1.1266,2.1214,2.2307,1014.7004,1012.1438,1.1512,1.7568,1.4956,1.5529,3.016,3.0776,1011.0898,1012.1927,0.1254,0.1105,1.2838,1.5171,2.7284,2.9405,1010.4992,1012.9986,1.604,0.5084,1.7817,1.8557,2.4947,2.8671,2.294,1.5574,1.5769,2.2453,2.3439,1.6825,0.9616,1.2925,1.9679,2.1353,1.4561
2026-01-04 11:00:00,1.1479,1.1234,2.0431,2.2485,1012.3027,1016.0015,0.1525,0.3365,1.5535,1.4956,2.9463,3.016,1013.8472,1011.0898,0.6572,0.1254,1.2551,1.2838,2.5864,2.7284,1014.209,1010.4992,5.1884,1.604,1.7633,1.9009,2.5891,2.8691,2.1363,1.4485,1.7038,2.3971,2.2973,1.4685,0.9946,1.5136,2.0872,2.059,1.338
2026-01-04 12:00:00,0.9525,1.1201,1.9582,2.1214,1012.3015,1014.7004,0.8978,1.1512,1.4715,1.5535,2.8939,2.9463,1017.125,1013.8472,4.2639,0.6572,1.1545,1.2551,2.3859,2.5864,1014.7647,1014.209,1.3881,5.1884,1.74,2.0943,2.6378,2.771,1.9349,1.3958,1.884,2.4536,2.1575,1.2932,0.9896,1.5499,2.1226,1.958,1.1997
2026-01-04 13:00:00,0.9257,1.1479,1.9004,2.0431,1012.3567,1012.3027,2.1169,0.1525,1.3767,1.4715,2.6798,2.8939,1010.8649,1017.125,1.6565,4.2639,1.029,1.1545,2.152,2.3859,1012.0958,1014.7647,0.1202,1.3881,1.7119,2.259,2.7732,2.6459,1.7994,1.4509,1.954,2.4229,2.0661,1.1737,1.0949,1.6701,2.1531,1.7992,1.126
2026-01-04 14:00:00,0.9133,0.9525,1.7223,1.9582,1017.1535,1012.3015,0.6406,0.8978,1.345,1.3767,2.6237,2.6798,1013.0484,1010.8649,1.7029,1.6565,1.0252,1.029,1.9675,2.152,1012.0599,1012.0958,0.1179,0.1202,1.7991,2.3556,2.9225,2.4869,1.6686,1.533,2.1349,2.3618,1.8396,1.0379,1.1376,1.8486,2.1308,1.6262,1.177
2026-01-04 15:00:00,0.7936,0.9257,1.5191,1.9004,1013.7639,1012.3567,1.64,2.1169,1.2403,1.345,2.3633,2.6237,1015.8244,1013.0484,0.6739,1.7029,0.8811,1.0252,1.7817,1.9675,1013.5318,1012.0599,4.5369,0.1179,1.8557,2.4947,2.8671,2.294,1.5574,1.5769,2.2453,2.3439,1.6825,0.9616,1.2925,1.9679,2.1353,1.4561,1.2074
2026-01-04 16:00:00,0.7579,0.9133,1.3312,1.7223,1013.8601,1017.1535,2.3804,0.6406,1.1108,1.2403,2.2036,2.3633,1012.8407,1015.8244,1.3509,0.6739,0.8684,0.8811,1.7633,1.7817,1012.1266,1013.5318,0.5292,4.5369,1.9009,2.5891,2.8691,2.1363,1.4485,1.7038,2.3971,2.2973,1.4685,0.9946,1.5136,2.0872,2.059,1.338,1.2188
2026-01-04 17:00:00,0.6416,0.7936,1.2248,1.5191,1015.0606,1013.7639,3.9296,1.64,0.9858,1.1108,2.1013,2.2036,1013.9047,1012.8407,0.0153,1.3509,0.7698,0.8684,1.74,1.7633,1012.8677,1012.1266,0.1449,0.5292,2.0943,2.6378,2.771,1.9349,1.3958,1.884,2.4536,2.1575,1.2932,0.9896,1.5499,2.1226,1.958,1.1997,1.3462
2026-01-04 18:00:00,0.5368,0.7579,1.1095,1.3312,1013.4776,1013.8601,0.4011,2.3804,1.0263,0.9858,2.0126,2.1013,1010.8752,1013.9047,1.5163,0.0153,0.8877,0.7698,1.7119,1.74,1017.1994,1012.8677,1.3709,0.1449,2.259,2.7732,2.6459,1.7994,1.4509,1.954,2.4229,2.0661,1.1737,1.0949,1.6701,2.1531,1.7992,1.126,1.4286
2026-01-04 19:00:00,0.5197,0.6416,0.9803,1.2248,1012.4819,1015.0606,0.7645,3.9296,0.9245,1.0263,1.9141,2.0126,1013.8566,1010.8752,3.6677,1.5163,0.8376,0.8877,1.7991,1.7119,1012.5059,1017.1994,1.4658,1.3709,2.3556,2.9225,2.4869,1.6686,1.533,2.1349,2.3618,1.8396,1.0379,1.1376,1.8486,2.1308,1.6262,1.177,1.4584
2026-01-04 20:00:00,0.5247,0.5368,0.9386,1.1095,1012.6073,1013.4776,0.248,0.4011,0.9115,0.9245,1.8759,1.9141,1012.6257,1013.8566,1.4223,3.6677,0.9308,0.8376,1.8557,1.7991,1012.2833,1012.5059,1.5683,1.4658,2.4947,2.8671,2.294,1.5574,1.5769,2.2453,2.3439,1.6825,0.9616,1.2925,1.9679,2.1353,1.4561,1.2074,1.5602
2026-01-04 21:00:00,0.4989,0.5197,0.9157,0.9803,1012.8568,1012.4819,7.336,0.7645,0.9616,0.9115,1.8645,1.8759,1014.9715,1012.6257,3.1036,1.4223,0.9643,0.9308,1.9009,1.8557,1011.7049,1012.2833,0.4667,1.5683,2.5891,2.8691,2.1363,1.4485,1.7038,2.3971,2.2973,1.4685,0.9946,1.5136,2.0872,2.059,1.338,1.2188,1.6294
2026-01-04 22:00:00,0.514,0.5247,0.9773,0.9386,1012.9256,1012.6073,3.926,0.248,1.0058,0.9616,1.8878,1.8645,1015.3748,1014.9715,1.9309,3.1036,1.1152,0.9643,2.0943,1.9009,1014.4884,1011.7049,0.0228,0.4667,2.6378,2.771,1.9349,1.3958,1.884,2.4536,2.1575,1.2932,0.9896,1.5499,2.1226,1.958,1.1997,1.3462,1.7746
2026-01-04 23:00:00,0.5508,0.4989,0.995,0.9157,1014.4553,1012.8568,1.1647,7.336,1.0103,1.0058,2.0185,1.8878,1018.1791,1015.3748,0.1927,1.9309,1.0641,1.1152,2.259,2.0943,1012.6376,1014.4884,5.0293,0.0228,2.7732,2.6459,1.7994,1.4509,1.954,2.4229,2.0661,1.1737,1.0949,1.6701,2.1531,1.7992,1.126,1.4286,1.9277
2026-01-05 00:00:00,0.5919,0.514,1.0668,0.9773,1013.1039,1012.9256,2.7681,3.926,1.0922,1.0103,2.1536,2.0185,1014.1593,1018.1791,3.4911,0.1927,1.0268,1.0641,2.3556,2.259,1011.7013,1012.6376,0.4333,5.0293,2.9225,2.4869,1.6686,1.533,2.1349,2.3618,1.8396,1.0379,1.1376,1.8486,2.1308,1.6262,1.177,1.4584,2.1432
2026-01-05 01:00:00,0.6514,0.5508,1.1645,0.995,1014.4653,1014.4553,1.104,1.1647,1.2135,1.0922,2.2567,2.1536,1013.6516,1014.1593,0.1031,3.4911,1.2566,1.0268,2.4947,2.3556,1015.6426,1011.7013,1.6906,0.4333,2.8671,2.294,1.5574,1.5769,2.2453,2.3439,1.6825,0.9616,1.2925,1.9679,2.1353,1.4561,1.2074,1.5602,2.2623
2026-01-05 02:00:00,0.647,0.5919,1.2291,1.0668,1012.8386,1013.1039,1.4656,2.7681,1.2371,1.2135,2.4502,2.2567,1013.3888,1013.6516,1.1452,0.1031,1.3846,1.2566,2.5891,2.4947,1015.8392,1015.6426,1.8395,1.6906,2.8691,2.1363,1.4485,1.7038,2.3971,2.2973,1.4685,0.9946,1.5136,2.0872,2.059,1.338,1.2188,1.6294,2.3187
2026-01-05 03:00:00,0.6878,0.6514,1.3924,1.1645,1013.1573,1014.4653,0.14,1.104,1.4372,1.2371,2.6142,2.4502,1012.2937,1013.3888,0.23,1.1452,1.3809,1.3846,2.6378,2.5891,1011.7992,1015.8392,1.4124,1.8395,2.771,1.9349,1.3958,1.884,2.4536,2.1575,1.2932,0.9896,1.5499,2.1226,1.958,1.1997,1.3462,1.7746,2.3879
2026-01-05 04:00:00,0.7844,0.647,1.5541,1.2291,1009.0036,1012.8386,2.1114,1.4656,1.4248,1.4372,2.793,2.6142,1013.677,1012.2937,0.0177,0.23,1.3971,1.3809,2.7732,2.6378,1009.2669,1011.7992,0.5629,1.4124,2.6459,1.7994,1.4509,1.954,2.4229,2.0661,1.1737,1.0949,1.6701,2.1531,1.7992,1.126,1.4286,1.9277,2.2642
2026-01-05 05:00:00,0.9066,0.6878,1.6925,1.3924,1014.8327,1013.1573,0.205,0.14,1.3831,1.4248,2.9423,2.793,1012.4092,1013.677,0.8224,0.0177,1.4367,1.3971,2.9225,2.7732,1015.015,1009.2669,0.4743,0.5629,2.4869,1.6686,1.533,2.1349,2.3618,1.8396,1.0379,1.1376,1.8486,2.1308,1.6262,1.177,1.4584,2.1432,2.2232
2026-01-05 06:00:00,0.8585,0.7844,1.7986,1.5541,1013.693,1009.0036,2.6236,2.1114,1.5327,1.3831,2.99,2.9423,1013.3369,1012.4092,0.5244,0.8224,1.4739,1.4367,2.8671,2.9225,1011.6307,1015.015,1.3657,0.4743,2.294,1.5574,1.5769,2.2453,2.3439,1.6825,0.9616,1.2925,1.9679,2.1353,1.4561,1.2074,1.5602,2.2623,2.1735
2026-01-05 07:00:00,0.9269,0.9066,1.817,1.6925,1014.996,1014.8327,2.2851,0.205,1.527,1.5327,3.0158,2.99,1015.6352,1013.3369,0.9983,0.5244,1.3859,1.4739,2.8691,2.8671,1014.5813,1011.6307,3.0159,1.3657,2.1363,1.4485,1.7038,2.3971,2.2973,1.4685,0.9946,1.5136,2.0872,2.059,1.338,1.2188,1.6294,2.3187,1.9823
2026-01-05 08:00:00,0.9052,0.8585,1.8498,1.7986,1007.2075,1013.693,1.8503,2.6236,1.5983,1.527,3.0677,3.0158,1010.9869,1015.6352,1.2913,0.9983,1.4093,1.3859,2.771,2.8691,1009.0598,1014.5813,4.3987,3.0159,1.9349,1.3958,1.884,2.4536,2.1575,1.2932,0.9896,1.5499,2.1226,1.958,1.1997,1.3462,1.7746,2.3879,1.9017
2026-01-05 09:00:00,0.925,0.9269,1.8471,1.817,1017.1767,1014.996,0.0552,2.2851,1.5697,1.5983,3.072,3.0677,1015.2798,1010.9869,0.0671,1.2913,1.3482,1.4093,2.6459,2.771,1014.7852,1009.0598,0.1679,4.3987,1.7994,1.4509,1.954,2.4229,2.0661,1.1737,1.0949,1.6701,2.1531,1.7992,1.126,1.4286,1.9277,2.2642,1.7701
2026-01-05 10:00:00,0.9543,0.9052,1.7808,1.8498,1012.7208,1007.2075,0.5417,1.8503,1.4958,1.5697,3.0054,3.072,1015.6342,1015.2798,0.1969,0.0671,1.2964,1.3482,2.4869,2.6459,1010.5777,1014.7852,0.2523,0.1679,1.6686,1.533,2.1349,2.3618,1.8396,1.0379,1.1376,1.8486,2.1308,1.6262,1.177,1.4584,2.1432,2.2232,1.6008
2026-01-05 11:00:00,0.8632,0.925,1.7072,1.8471,1015.2164,1017.1767,0.458,0.0552,1.3941,1.4958,2.9106,3.0054,1012.7639,1015.6342,1.2268,0.1969,1.285,1.2964,2.294,2.4869,1014.4615,1010.5777,4.3435,0.2523,1.5574,1.5769,2.2453,2.3439,1.6825,0.9616,1.2925,1.9679,2.1353,1.4561,1.2074,1.5602,2.2623,2.1735,1.4942
2026-01-05 12:00:00,0.8157,0.9543,1.6267,1.7808,1010.9202,1012.7208,0.6698,0.5417,1.412,1.3941,2.845,2.9106,1008.7563,1012.7639,0.6305,1.2268,1.0878,1.285,2.1363,2.294,1013.0285,1014.4615,2.0008,4.3435,1.4485,1.7038,2.3971,2.2973,1.4685,0.9946,1.5136,2.0872,2.059,1.338,1.2188,1.6294,2.3187,1.9823,1.4899
2026-01-05 13:00:00,0.7278,0.8632,1.5916,1.7072,1014.2255,1015.2164,0.1376,0.458,1.2903,1.412,2.6657,2.845,1011.7844,1008.7563,1.9594,0.6305,0.942,1.0878,1.9349,2.1363,1011.0921,1013.0285,3.2183,2.0008,1.3958,1.884,2.4536,2.1575,1.2932,0.9896,1.5499,2.1226,1.958,1.1997,1.3462,1.7746,2.3879,1.9017,1.4099
2026-01-05 14:00:00,0.7626,0.8157,1.4506,1.6267,1010.8932,1010.9202,4.1459,0.6698,1.2375,1.2903,2.533,2.6657,1015.594,1011.7844,1.5846,1.9594,0.8984,0.942,1.7994,1.9349,1012.1859,1011.0921,0.3397,3.2183,1.4509,1.954,2.4229,2.0661,1.1737,1.0949,1.6701,2.1531,1.7992,1.126,1.4286,1.9277,2.2642,1.7701,1.3685
2026-01-05 15:00:00,0.684,0.7278,1.3034,1.5916,1011.7525,1014.2255,1.2105,0.1376,1.211,1.2375,2.3631,2.533,1012.9543,1015.594,2.8024,1.5846,0.7458,0.8984,1.6686,1.7994,1014.3726,1012.1859,1.3286,0.3397,1.533,2.1349,2.3618,1.8396,1.0379,1.1376,1.8486,2.1308,1.6262,1.177,1.4584,2.1432,2.2232,1.6008,1.331
2026-01-05 16:00:00,0.6781,0.7626,1.1398,1.4506,1016.8281,1010.8932,0.5469,4.1459,1.1851,1.211,2.2031,2.3631,1011.0014,1012.9543,1.7689,2.8024,0.744,0.7458,1.5574,1.6686,1013.2118,1014.3726,1.8117,1.3286,1.5769,2.2453,2.3439,1.6825,0.9616,1.2925,1.9679,2.1353,1.4561,1.2074,1.5602,2.2623,2.1735,1.4942,1.3147
2026-01-05 17:00:00,0.432,0.684,0.8949,1.3034,1012.6186,1011.7525,0.7587,1.2105,1.0846,1.1851,2.1297,2.2031,1011.9905,1011.0014,0.843,1.7689,0.7038,0.744,1.4485,1.5574,1014.1688,1013.2118,1.7097,1.8117,1.7038,2.3971,2.2973,1.4685,0.9946,1.5136,2.0872,2.059,1.338,1.2188,1.6294,2.3187,1.9823,1.4899,1.4218
2026-01-05 18:00:00,0.3935,0.6781,0.7652,1.1398,1013.4349,1016.8281,0.8891,0.5469,0.9761,1.0846,2.0718,2.1297,1014.6812,1011.9905,1.6765,0.843,0.6717,0.7038,1.3958,1.4485,1016.9529,1014.1688,0.7868,1.7097,1.884,2.4536,2.1575,1.2932,0.9896,1.5499,2.1226,1.958,1.1997,1.3462,1.7746,2.3879,1.9017,1.4099,1.4797
2026-01-05 19:00:00,0.347,0.432,0.669,0.8949,1014.7401,1012.6186,1.3767,0.7587,1.0467,0.9761,2.0489,2.0718,1014.0935,1014.6812,0.4832,1.6765,0.7331,0.6717,1.4509,1.3958,1009.8715,1016.9529,0.0233,0.7868,1.954,2.4229,2.0661,1.1737,1.0949,1.6701,2.1531,1.7992,1.126,1.4286,1.9277,2.2642,1.7701,1.3685,1.6127
2026-01-05 20:00:00,0.4432,0.3935,0.7286,0.7652,1013.9914,1013.4349,1.0875,0.8891,1.105,1.0467,2.0904,2.0489,1012.5221,1014.0935,0.5486,0.4832,0.7254,0.7331,1.533,1.4509,1016.2344,1009.8715,1.3117,0.0233,2.1349,2.3618,1.8396,1.0379,1.1376,1.8486,2.1308,1.6262,1.177,1.4584,2.1432,2.2232,1.6008,1.331,1.7385
2026-01-05 21:00:00,0.3428,0.347,0.6951,0.669,1013.3008,1014.7401,3.7772,1.3767,1.0239,1.105,2.1087,2.0904,1012.2664,1012.5221,2.3337,0.5486,0.8445,0.7254,1.5769,1.533,1013.2087,1016.2344,0.4377,1.3117,2.2453,2.3439,1.6825,0.9616,1.2925,1.9679,2.1353,1.4561,1.2074,1.5602,2.2623,2.1735,1.4942,1.3147,1.9225
2026-01-05 22:00:00,0.3777,0.4432,0.7275,0.7286,1013.7299,1013.9914,1.0306,1.0875,1.0933,1.0239,2.1999,2.1087,1012.2165,1012.2664,0.887,2.3337,0.8519,0.8445,1.7038,1.5769,1011.2024,1013.2087,0.8974,0.4377,2.3971,2.2973,1.4685,0.9946,1.5136,2.0872,2.059,1.338,1.2188,1.6294,2.3187,1.9823,1.4899,1.4218,2.0991
2026-01-05 23:00:00,0.4218,0.3428,0.7829,0.6951,1017.8068,1013.3008,7.2724,3.7772,1.1393,1.0933,2.2771,2.1999,1011.1552,1012.2165,2.4021,0.887,0.9415,0.8519,1.884,1.7038,1010.3394,1011.2024,4.7402,0.8974,2.4536,2.1575,1.2932,0.9896,1.5499,2.1226,1.958,1.1997,1.3462,1.7746,2.3879,1.9017,1.4099,1.4797,2.3
2026-01-06 00:00:00,0.4179,0.3777,0.8172,0.7275,1012.8848,1013.7299,2.86,1.0306,1.1684,1.1393,2.4153,2.2771,1016.2308,1011.1552,2.5925,2.4021,0.9606,0.9415,1.954,1.884,1012.6218,1010.3394,0.7638,4.7402,2.4229,2.0661,1.1737,1.0949,1.6701,2.1531,1.7992,1.126,1.4286,1.9277,2.2642,1.7701,1.3685,1.6127,2.4028
2026-01-06 01:00:00,0.4758,0.4218,0.9963,0.7829,1013.4022,1017.8068,0.3508,7.2724,1.3081,1.1684,2.5514,2.4153,1012.3554,1016.2308,2.9233,2.5925,1.0752,0.9606,2.1349,1.954,1014.8433,1012.6218,2.747,0.7638,2.3618,1.8396,1.0379,1.1376,1.8486,2.1308,1.6262,1.177,1.4584,2.1432,2.2232,1.6008,1.331,1.7385,2.4886
2026-01-06 02:00:00,0.598,0.4179,1.1765,0.8172,1015.1013,1012.8848,4.0017,2.86,1.3488,1.3081,2.7098,2.5514,1015.4343,1012.3554,3.7268,2.9233,1.1639,1.0752,2.2453,2.1349,1012.7449,1014.8433,0.3134,2.747,2.3439,1.6825,0.9616,1.2925,1.9679,2.1353,1.4561,1.2074,1.5602,2.2623,2.1735,1.4942,1.3147,1.9225,2.5032
2026-01-06 03:00:00,0.7385,0.4758,1.3696,0.9963,1015.2111,1013.4022,0.1856,0.3508,1.4676,1.3488,2.8933,2.7098,1016.0426,1015.4343,0.8458,3.7268,1.1552,1.1639,2.3971,2.2453,1016.0223,1012.7449,1.6742,0.3134,2.2973,1.4685,0.9946,1.5136,2.0872,2.059,1.338,1.2188,1.6294,2.3187,1.9823,1.4899,1.4218,2.0991,2.5048
2026-01-06 04:00:00,0.6876,0.598,1.4778,1.1765,1015.3741,1015.1013,2.5511,4.0017,1.4535,1.4676,2.9958,2.8933,1014.9966,1016.0426,0.576,0.8458,1.1939,1.1552,2.4536,2.3971,1010.0976,1016.0223,5.6588,1.6742,2.1575,1.2932,0.9896,1.5499,2.1226,1.958,1.1997,1.3462,1.7746,2.3879,1.9017,1.4099,1.4797,2.3,2.5063
